{
  "name": "Level 7: Messy Stairway",
  "gridWidth": 27,
  "gridHeight": 15,
  "background": "background_yellow",
  "startPosition": {
    "x": 1.04,
    "y": 11.46
  },
  "layout": [
    "000000000000000000000000000",
    "000000000000000000000000000",
    "000000000000000000000000000",
    "000000000000000000003330000",
    "000000000000000000000000000",
    "000000000000000099900000000",
    "000000000000000000000000000",
    "000000000000999000000000000",
    "000000000000000000000000000",
    "000000002220000000000000000",
    "000000000000000000000000000",
    "000088800000000000000000000",
    "000000000000000000000000000",
    "111000000000000000000000000",
    "000000000000000000000000000"
  ],
  "objects": [
    {
      "type": "fruit_apple",
      "x": 2.3,
      "y": 9.69
    },
    {
      "type": "fruit_bananas",
      "x": 5.01,
      "y": 10.4
    },
    {
      "type": "fruit_cherries",
      "x": 9.79,
      "y": 6.25
    },
    {
      "type": "fruit_kiwi",
      "x": 6.25,
      "y": 5.21
    },
    {
      "type": "fruit_melon",
      "x": 18.13,
      "y": 4.58
    },
    {
      "type": "fruit_orange",
      "x": 18,
      "y": 1.09
    },
    {
      "type": "fruit_pineapple",
      "x": 6.85,
      "y": 8.16
    },
    {
      "type": "fruit_strawberry",
      "x": 12.5,
      "y": 2.08
    },
    {
      "type": "trophy",
      "x": 22.29,
      "y": 2.67
    }
  ]
}