{
  "name": "Level 6: Narrow Paths",
  "gridWidth": 27,
  "gridHeight": 15,
  "background": "background_purple",
  "startPosition": {
    "x": 1.04,
    "y": 6.25
  },
  "layout": [
    "000000000000000000000000000",
    "000000000000000000000000000",
    "000000000000000000000000000",
    "000000000000000000000000000",
    "000000000000000000011100000",
    "000000000400000000000000000",
    "000008000000000990000000000",
    "000200000000000000000000000",
    "110000000000600000000000000",
    "000000000000000000000000000",
    "000000070000000000000000000",
    "000000000000000000000000000",
    "000000000000000000000000000",
    "000000000000000000000000000",
    "000000000000000000000000000"
  ],
  "objects": [
    {
      "type": "fruit_apple",
      "x": 3.58,
      "y": 5.85
    },
    {
      "type": "fruit_bananas",
      "x": 5.52,
      "y": 5.02
    },
    {
      "type": "fruit_cherries",
      "x": 7.59,
      "y": 9.09
    },
    {
      "type": "fruit_kiwi",
      "x": 10,
      "y": 4.17
    },
    {
      "type": "fruit_melon",
      "x": 12.57,
      "y": 7.06
    },
    {
      "type": "fruit_orange",
      "x": 16.07,
      "y": 5.06
    },
    {
      "type": "fruit_pineapple",
      "x": 16.54,
      "y": 1.98
    },
    {
      "type": "fruit_strawberry",
      "x": 10.61,
      "y": 7.02
    },
    {
      "type": "trophy",
      "x": 21.25,
      "y": 3.67
    }
  ]
}