{
  "name": "Level 1: It's Too Easy",
  "gridWidth": 28,
  "gridHeight": 15,
  "background": "background_blue",
  "startPosition": {
    "x": 1.5,
    "y": 6.5
  },
  "layout": [
    "0000000000000000000000000000",
    "0000000000000000000000000000",
    "0000000000000000000000000000",
    "0000000000000000000000000000",
    "0000000000000000000000000000",
    "0000000000000001111000000000",
    "0000000000022000000000000000",
    "0000003330000000000003330000",
    "1111000000000000000000000000",
    "0000000000000000000000000000",
    "0000000000000000000000000000",
    "0000000000000000000000000000",
    "0000000000000000000000000000",
    "0000000000000000000000000000",
    "0000000000000000000000000000"
  ],
  "objects": [
    {
      "type": "fruit_apple",
      "x": 2.09,
      "y": 5.73
    },
    {
      "type": "fruit_bananas",
      "x": 7.81,
      "y": 6.25
    },
    {
      "type": "fruit_cherries",
      "x": 12.5,
      "y": 5.21
    },
    {
      "type": "fruit_kiwi",
      "x": 17.71,
      "y": 4.17
    },
    {
      "type": "fruit_melon",
      "x": 20.83,
      "y": 3.125
    },
    {
      "type": "fruit_orange",
      "x": 4.6875,
      "y": 6.67
    },
    {
      "type": "fruit_pineapple",
      "x": 9.895833333333334,
      "y": 5.625
    },
    {
      "type": "fruit_strawberry",
      "x": 14.0625,
      "y": 4.58
    },
    {
      "type": "trophy",
      "x": 23.27,
      "y": 6.67
    }
  ]
}