{
  "name": "Level 10: Introduction Finale",
  "gridWidth": 28,
  "gridHeight": 21,
  "background": "background_blue",
  "startPosition": {
    "x": 1.04,
    "y": 6.25
  },
  "layout": [
    "0000000000000000000000000300",
    "0000000000000000000000000300",
    "0000000000000000000000000300",
    "0000000000666000000000000300",
    "0000000000000000000000000300",
    "0000000000000000000000000300",
    "0000000000000000005550000300",
    "0000000800000000000000000000",
    "7700000000000044000000200000",
    "0000000000000000000000200000",
    "0000220000000000000000200000",
    "0000000000000000000000200000",
    "0000000000000000000000000000",
    "0000000000000000000000000000",
    "0000000000000000000000000000",
    "0000000000000000000000000000",
    "0000000000000000000000000000",
    "0000000000000000000000999900",
    "0000000000000000000000000000",
    "0000000000000000000000000000",
    "0000000000000000000000000000"
  ],
  "objects": [
    {
      "type": "fruit_apple",
      "x": 3.71,
      "y": 5.85
    },
    {
      "type": "fruit_bananas",
      "x": 5.02,
      "y": 8.92
    },
    {
      "type": "fruit_cherries",
      "x": 7.98,
      "y": 5.96
    },
    {
      "type": "fruit_kiwi",
      "x": 11.88,
      "y": 2.08
    },
    {
      "type": "fruit_melon",
      "x": 14.96,
      "y": 7.29
    },
    {
      "type": "fruit_orange",
      "x": 24.12,
      "y": 9.54
    },
    {
      "type": "fruit_pineapple",
      "x": 15.63,
      "y": 3.13
    },
    {
      "type": "fruit_strawberry",
      "x": 11.98,
      "y": 6.64
    },
    {
      "type": "trophy",
      "x": 22.53,
      "y": 16.67
    },
    {
      "type": "trampoline",
      "x": 20.1,
      "y": 5.71
    },
    {
      "type": "fire_trap",
      "x": 23.96,
      "y": 16.83
    },
    {
      "type": "fire_trap",
      "x": 24.29,
      "y": 16.83
    },
    {
      "type": "fire_trap",
      "x": 24.62,
      "y": 16.83
    },
    {
      "type": "fire_trap",
      "x": 23.62,
      "y": 16.83
    }
  ]
}