{
  "name": "Level 9: Pathfinder",
  "gridWidth": 28,
  "gridHeight": 15,
  "background": "background_blue",
  "startPosition": {
    "x": 1.04,
    "y": 4.17
  },
  "layout": [
    "0000000000000000000000000000",
    "0000000000000000000000000000",
    "0000000000000000000000000000",
    "0000000088000005500000000000",
    "0001000000000000000000222000",
    "0000000000009000000000000000",
    "4400000000000000000600000000",
    "0000030000000000000000000000",
    "0000000000000000000000000000",
    "0000000000000000000000000000",
    "0000000000000000000000000000",
    "0000000000000000000000000000",
    "0000000000000000000000000000",
    "0000000000000000000000000000",
    "0000000000000000000000000000"
  ],
  "objects": [
    {
      "type": "fruit_apple",
      "x": 3.75,
      "y": 3.13
    },
    {
      "type": "fruit_bananas",
      "x": 5.83,
      "y": 5.85
    },
    {
      "type": "fruit_cherries",
      "x": 9.17,
      "y": 2.08
    },
    {
      "type": "fruit_kiwi",
      "x": 13.13,
      "y": 4.17
    },
    {
      "type": "fruit_melon",
      "x": 16,
      "y": 1.69
    },
    {
      "type": "fruit_orange",
      "x": 20.42,
      "y": 5.21
    },
    {
      "type": "fruit_pineapple",
      "x": 21.8,
      "y": 1.75
    },
    {
      "type": "fruit_strawberry",
      "x": 10.19,
      "y": 5.44
    },
    {
      "type": "trophy",
      "x": 24.38,
      "y": 3.67
    }
  ]
}