{
  "name": "Level 2: Deadly Drop",
  "gridWidth": 28,
  "gridHeight": 15,
  "background": "background_brown",
  "startPosition": {
    "x": 1.5,
    "y": 6
  },
  "layout": [
    "0000000000000000000000000000",
    "0000000000000000000000000000",
    "0000000000000000000000000000",
    "0000000000000011100000000000",
    "0000000000000000000000000000",
    "0000000003330000000000000000",
    "0000002200000000000000000000",
    "0000000000000000000000000000",
    "1111000000000000000000000000",
    "0000000000000000000000000000",
    "0000000000000000000000000000",
    "0000000000000000000000000000",
    "0000000000000000000022200000",
    "0000000000000000000000000000",
    "0000000000000000000000000000"
  ],
  "objects": [
    {
      "type": "fruit_apple",
      "x": 1.56,
      "y": 5.2
    },
    {
      "type": "fruit_bananas",
      "x": 7.06,
      "y": 5
    },
    {
      "type": "fruit_cherries",
      "x": 10.94,
      "y": 4
    },
    {
      "type": "fruit_kiwi",
      "x": 16.67,
      "y": 2.3
    },
    {
      "type": "fruit_melon",
      "x": 20.8,
      "y": 2.1
    },
    {
      "type": "fruit_orange",
      "x": 5.21,
      "y": 6.25
    },
    {
      "type": "fruit_pineapple",
      "x": 13.54,
      "y": 2.3
    },
    {
      "type": "fruit_strawberry",
      "x": 18.75,
      "y": 1.67
    },
    {
      "type": "trophy",
      "x": 21.5,
      "y": 11.67
    },
    {
      "type": "spike",
      "x": 20.25,
      "y": 11.83
    },
    {
      "type": "spike",
      "x": 20.77,
      "y": 11.83
    },
    {
      "type": "spike",
      "x": 22.21,
      "y": 11.83
    },
    {
      "type": "spike",
      "x": 22.7,
      "y": 11.83
    }
  ]
}