{
  "name": "Level 4: Sky Climb",
  "gridWidth": 27,
  "gridHeight": 15,
  "background": "background_green",
  "startPosition": {
    "x": 1.04,
    "y": 11.46
  },
  "layout": [
    "000000000000000000000000000",
    "000000000000000000000000000",
    "000000000000000000000000000",
    "000000000000000000033300000",
    "000000000000000000000000000",
    "000000000000009999000000000",
    "000000000000000000000000000",
    "000000000001100000000000000",
    "000000000000000000000000000",
    "000000033300000000000000000",
    "000000000000000000000000000",
    "000088000000000000000000000",
    "000000000000000000000000000",
    "111100000000000000000000000",
    "000000000000000000000000000"
  ],
  "objects": [
    {
      "type": "fruit_apple",
      "x": 2.08,
      "y": 9.38
    },
    {
      "type": "fruit_bananas",
      "x": 5,
      "y": 10.42
    },
    {
      "type": "fruit_cherries",
      "x": 8.33,
      "y": 6.25
    },
    {
      "type": "fruit_kiwi",
      "x": 11.58,
      "y": 4.31
    },
    {
      "type": "fruit_melon",
      "x": 15.88,
      "y": 3.9
    },
    {
      "type": "fruit_orange",
      "x": 22.1,
      "y": 0.96
    },
    {
      "type": "fruit_pineapple",
      "x": 9.84,
      "y": 7.89
    },
    {
      "type": "fruit_strawberry",
      "x": 16.56,
      "y": 1.46
    },
    {
      "type": "trophy",
      "x": 20.48,
      "y": 2.67
    }
  ]
}