{
  "name": "Level 8: Bottomless",
  "gridWidth": 28,
  "gridHeight": 15,
  "background": "background_red",
  "startPosition": {
    "x": 1.04,
    "y": 6.25
  },
  "layout": [
    "0000000000000000000000000000",
    "0000000000000000000000000000",
    "0000000000000000000000000000",
    "0000000000000000000000000000",
    "0000000000000000000000000000",
    "0000000000000000000000000000",
    "0000000000000030000000000000",
    "0000000770000000000000555000",
    "1100000000000000000000000000",
    "0000000000000000006600000000",
    "0000220000880000000000000000",
    "0000000000000000000000000000",
    "0000000000000000000000000000",
    "0000000000000000000000000000",
    "0000000000000000000000000000"
  ],
  "objects": [
    {
      "type": "fruit_apple",
      "x": 3.27,
      "y": 6.81
    },
    {
      "type": "fruit_bananas",
      "x": 5,
      "y": 9.38
    },
    {
      "type": "fruit_cherries",
      "x": 8.13,
      "y": 6.25
    },
    {
      "type": "fruit_kiwi",
      "x": 11.25,
      "y": 9.38
    },
    {
      "type": "fruit_melon",
      "x": 16.04,
      "y": 5.21
    },
    {
      "type": "fruit_orange",
      "x": 19.08,
      "y": 8.21
    },
    {
      "type": "fruit_pineapple",
      "x": 20.4,
      "y": 4.02
    },
    {
      "type": "fruit_strawberry",
      "x": 13.96,
      "y": 8.67
    },
    {
      "type": "trophy",
      "x": 24.38,
      "y": 6.67
    }
  ]
}